<?xml version="1.0" encoding="UTF-8"?>
<project-private xmlns="http://www.netbeans.org/ns/project-private/1">
    <editor-bookmarks xmlns="http://www.netbeans.org/ns/editor-bookmarks/2" lastBookmarkId="0"/>
    <open-files xmlns="http://www.netbeans.org/ns/projectui-open-files/2">
        <group>
            <file>file:/C:/Users/Yash/OneDrive/Documents/NetBeansProjects/goods%20transportation%20system/src/goods/transportation/system/HomePage.java</file>
            <file>file:/C:/Users/Yash/OneDrive/Documents/NetBeansProjects/goods%20transportation%20system/src/goods/transportation/system/Login.java</file>
            <file>file:/C:/Users/Yash/OneDrive/Documents/NetBeansProjects/goods%20transportation%20system/src/goods/transportation/system/SignUp.java</file>
            <file>file:/C:/Users/Yash/OneDrive/Documents/NetBeansProjects/goods%20transportation%20system/src/goods/transportation/system/Roadways.java</file>
            <file>file:/C:/Users/Yash/OneDrive/Documents/NetBeansProjects/goods%20transportation%20system/src/goods/transportation/system/Railways.java</file>
            <file>file:/C:/Users/Yash/OneDrive/Documents/NetBeansProjects/goods%20transportation%20system/src/goods/transportation/system/Conn.java</file>
            <file>file:/C:/Users/Yash/OneDrive/Documents/NetBeansProjects/goods%20transportation%20system/src/goods/transportation/system/Airways.java</file>
            <file>file:/C:/Users/Yash/OneDrive/Documents/NetBeansProjects/goods%20transportation%20system/src/goods/transportation/system/Waterways.java</file>
        </group>
    </open-files>
</project-private>
